{"-3LtGq_RPcY.jpg": {"class": 0, "prob": 0.6494296193122864}, "-3uIUqsR-Rw.jpg": {"class": 1, "prob": 0.8624702095985413}, "-6JK87e42iQ.jpg": {"class": 0, "prob": 0.656216025352478}, "-9SsJ2jHnkg.jpg": {"class": 1, "prob": 0.8560467958450317}, "10IC1G_SVzE.jpg": {"class": 1, "prob": 0.6932682394981384}, "29SqSdfvN_A.jpg": {"class": 1, "prob": 0.5895438194274902}}